"dist_no","dist","pcp18","ndp18","lib18","pcp_uniform","ndp_uniform","lib_uniform","pcp_proj","ndp_proj","lib_proj","win18","win_proj","likely","strat","strat_max","region","x0","y0","x2","y2"
1,"Ajax",39.0462546049939,30.9660253786328,25.8022922636103,34.9462546049939,20.3760253786328,33.9322922636103,34.6,20.3,34.5,"PCP","Toss up","Toss up","LIB","LIB","gta",12.6181886489911,-6.27115227179697,12.3841632741175,-7.05
2,"Algoma—Manitoulin",24.4531169764815,58.5567080894184,8.0962651056109,20.3531169764815,47.9667080894184,16.2262651056109,27.6,42.3,11.4,"NDP","NDP","Likely","Doesn't matter","NDP","north",-23.9140713935196,17.1932044435315,-12.7305734356312,23.65
3,"Aurora—Oak Ridges—Richmond Hill",56.0336014933997,18.0363571714298,21.5965154006845,51.9336014933997,7.44635717142984,29.7265154006845,47,12.3,32,"PCP","PCP","Likely","Doesn't matter","LIB","gta",26.8467875173176,6.70708609271523,26.8467875173176,-0.5
4,"Barrie—Innisfil",49.9661185399349,28.5982110589086,12.520328876039,45.8661185399349,18.0082110589086,20.650328876039,41.8,18.9,22.1,"PCP","PCP","Safe","Doesn't matter","Doesn't matter","central",24.1256555748454,11.2868359233827,19.8319817466636,8.25
5,"Barrie—Springwater—Oro-Medonte",44.7481888419532,28.2146687386461,13.5918930158244,40.6481888419532,17.6246687386461,21.7218930158244,39.4,18.6,22.9,"PCP","PCP","Safe","Doesn't matter","Doesn't matter","central",19.9389532940057,7.41453577447526,18.0133283987163,6.1
6,"Bay of Quinte",48.0234725030728,31.8444946671425,14.8903691368304,43.9234725030728,21.2544946671425,23.0203691368304,43.7,21,25.2,"PCP","PCP","Safe","Doesn't matter","Doesn't matter","east",19.6319106837421,9.56861444827723,19.6587766659068,7.15
7,"Beaches—East York",18.4357094202027,48.210922787194,27.0064510958849,14.3357094202027,37.620922787194,35.1364510958849,17.3,32.5,35.8,"NDP","LIB","Leaning","Lib or NDP","Lib or NDP","toronto",-20.1655863083554,-9.15813499218656,-13.1635861375235,-10.9
8,"Brampton Centre",38.1064349068397,38.3713316268826,17.3373415084231,34.0064349068397,27.7813316268825,25.4673415084231,38.6,25.4,27.5,"PCP","PCP","Likely","Doesn't matter","Lib or NDP","gta",5.39109758162472,5.426541758438,11.4315353299546,4.5
9,"Brampton East",33.5004546044941,46.9203792700351,16.6203403039356,29.4004546044941,36.3303792700351,24.7503403039356,33.4,33.3,26.6,"NDP","Toss up","Toss up","NDP","NDP","gta",-6.00149080667087,8.115076633329,0.0866025403784451,6.75
10,"Brampton North",36.2911366848375,37.5454270139309,21.2245103977387,32.1911366848375,26.9554270139309,29.3545103977387,35.3,24.8,31.5,"PCP","PCP","Leaning","LIB","LIB","gta",4.53425758184491,0.218771451645463,9.0932667397366,-1.45
11,"Brampton South",41.0071000026199,33.8468390578742,18.8949147213707,36.9071000026199,23.2568390578742,27.0249147213707,38.2,22.5,28.8,"PCP","PCP","Likely","Doesn't matter","LIB","gta",11.8214727464364,3.05705480887631,13.5965988394157,1.55
12,"Brampton West",39.3851584520956,38.0943600010537,18.4742235452175,35.2851584520956,27.5043600010537,26.6042235452175,38.1,25.2,28.3,"PCP","PCP","Likely","Doesn't matter","Lib or NDP","gta",6.73836912032886,4.79053568135718,11.1717277088193,3.35
13,"Brantford—Brant",41.9966316078917,40.9053413074861,9.54320478449165,37.8966316078917,30.3153413074861,17.6732047844916,39.5,26.7,17,"PCP","PCP","Likely","Doesn't matter","NDP","southwest",6.56558999361579,16.4327816731972,11.0851251684408,16.1
14,"Bruce—Grey—Owen Sound",54.7020029311187,24.0942028985507,12.296450089562,50.6020029311187,13.5042028985507,20.426450089562,47,16,20.6,"PCP","PCP","Safe","Doesn't matter","Doesn't matter","southwest",26.8467875173176,15.5,26.8467875173176,10.9
15,"Burlington",40.4472286099437,28.6305606216795,24.6055031321862,36.3472286099437,18.0405606216795,32.7355031321862,36.7,19.1,34,"PCP","Toss up","Toss up","LIB","LIB","gta",15.8540395364842,-5.54160851637459,15.2420471066061,-6.1
16,"Cambridge",36.9678585526999,32.4925723546155,23.2511271322017,32.8678585526999,21.9025723546155,31.3811271322017,33.2,21.6,30,"PCP","PCP","Leaning","LIB","LIB","southwest",9.49621640730797,-3.99591167854398,10.0458946838995,-2.6
17,"Carleton",51.3311313621712,22.4999005133511,19.4357117274862,47.2311313621712,11.9099005133511,27.5657117274862,43.5,15.2,29.6,"PCP","PCP","Likely","Doesn't matter","LIB","ottawa",26.8467875173176,4.16541963468503,24.5085189270996,-0.250000000000002
18,"Chatham-Kent—Leamington",51.9224548767602,35.7061220969098,8.05641213637246,47.8224548767602,25.1161220969098,16.1864121363725,46.8,23.3,15.4,"PCP","PCP","Safe","Doesn't matter","Doesn't matter","southwest",19.6642610141337,19.6468336100748,20.3515969889343,19.25
19,"Davenport",16.0850302276348,60.2653920862524,18.6778410702983,11.9850302276348,49.6753920862524,26.8078410702983,14.9,39.4,30.7,"NDP","NDP","Likely","Doesn't matter","Lib or NDP","toronto",-26.8467875173176,7.36755101595407,-21.2176223927187,-3.55
20,"Don Valley East",33.0894331391336,27.437391280338,35.9278791727642,28.9894331391336,16.847391280338,44.0578791727642,29,18.3,43.8,"LIB","LIB","Likely","Doesn't matter","LIB","toronto",10.515316703531,-21.1394669630284,9.26647182049349,-20.15
21,"Don Valley North",44.4406136872953,20.8732484546999,30.9232398354963,40.3406136872953,10.2832484546999,39.0532398354963,40.4,14.1,39.7,"PCP","Toss up","Toss up","LIB","LIB","toronto",26.8467875173176,-14.212626148201,22.7764681195307,-12.45
22,"Don Valley West",38.4931297376412,18.8304170216484,38.8885248050331,34.3931297376412,8.24041702164842,47.0185248050331,33.9,12.8,44.5,"LIB","LIB","Likely","Doesn't matter","LIB","toronto",15.9128746561415,-21.812697533696,17.6669182372025,-20.8
23,"Dufferin—Caledon",53.084566445064,20.33919508185,12.4597898348703,48.984566445064,9.74919508185002,20.5897898348703,43.1,13.6,21.7,"PCP","PCP","Safe","Doesn't matter","Doesn't matter","central",26.8467875173176,12.8947766101937,25.5477494116409,6.65
24,"Durham",46.9929448912132,31.6624730705346,16.835232785699,42.8929448912132,21.0724730705346,24.965232785699,41.3,20.9,26.5,"PCP","PCP","Likely","Doesn't matter","LIB","gta",18.8970829192701,7.0174761951749,17.6669182372025,4.6
25,"Eglinton—Lawrence",40.3799947503382,18.1416197225756,38.4477153875664,36.2799947503382,7.55161972257556,46.5777153875664,38,12.6,40.5,"LIB","Toss up","Toss up","LIB","LIB","toronto",17.9286998444027,-20.6488603186141,21.9970452561247,-15.2
26,"Elgin—Middlesex—London",55.458904239392,32.0711808516687,7.30949267534633,51.358904239392,21.4811808516687,15.4394926753463,50.5,21.1,13.4,"PCP","PCP","Safe","Doesn't matter","Doesn't matter","southwest",25.8748674610129,16.0611383061383,25.4611468712625,16.3
27,"Essex",42.9756160211365,47.9496541474781,5.55198796396529,38.8756160211365,37.3596541474781,13.6819879639653,39.5,35.2,10.2,"PCP","PCP","Leaning","NDP","NDP","southwest",1.31286149375677,24.435647120342,3.72390923627308,27.15
28,"Etobicoke Centre",42.9951605807303,18.1451825780906,34.6819181698196,38.8951605807303,7.55518257809063,42.8119181698196,38.9,12.3,38.4,"LIB","Toss up","Toss up","LIB","LIB","toronto",23.4547759447008,-17.4583787945447,23.0362757406661,-12.8
29,"Etobicoke—Lakeshore",38.3537029817097,32.8869526893021,24.2486396691133,34.2537029817097,22.2969526893021,32.3786396691133,34.1,22,33.9,"PCP","Toss up","Toss up","LIB","LIB","toronto",10.354849499932,-4.10331183360738,10.4789073857917,-5.85
30,"Etobicoke North",52.4844378339668,25.3677078168898,18.1815677849391,48.3844378339668,14.7777078168898,26.3115677849391,44.8,16.9,27.4,"PCP","PCP","Safe","Doesn't matter","Doesn't matter","toronto",26.8467875173176,6.57287004902771,24.1621087655858,3.45
31,"Flamborough—Glanbrook",43.5256261146003,34.1746142513763,15.4435139955028,39.4256261146003,23.5846142513763,23.5735139955028,38.9,22.6,23.8,"PCP","PCP","Likely","Doesn't matter","Lib or NDP","hamilton-niagara",13.7187186952027,7.93160618748546,14.1162140816863,6.95
32,"Glengarry—Prescott—Russell",40.9776134729924,21.7909221606079,31.6471554734032,36.8776134729924,11.2009221606079,39.7771554734032,37.5,14.8,41.9,"LIB","LIB","Leaning","LIB","LIB","east",22.2366669616562,-15.737887656603,19.6587766659068,-15.75
34,"Haldimand—Norfolk",57.1007846935347,26.8989781195027,9.20285414978357,53.0007846935347,16.3089781195027,17.3328541497836,50.9,17.9,16.3,"PCP","PCP","Safe","Doesn't matter","Doesn't matter","southwest",26.8467875173176,15.5,26.8467875173176,15.5
35,"Haliburton—Kawartha Lakes—Brock",56.7103582241044,26.4984337539156,9.89622525943685,52.6103582241044,15.9084337539156,18.0262252594368,50.3,17.6,18.4,"PCP","PCP","Safe","Doesn't matter","Doesn't matter","central",26.8467875173176,15.5,26.8467875173176,15.5
36,"Hamilton Centre",15.6664388243336,65.2522214627478,10.8872180451128,11.5664388243336,54.6622214627478,19.0172180451128,15.3,42.1,21.7,"NDP","NDP","Safe","Doesn't matter","Doesn't matter","hamilton-niagara",-26.8467875173176,15.5,-23.209480821423,7
37,"Hamilton East—Stoney Creek",28.8141753748296,51.1540208995911,12.0854157201272,24.7141753748296,40.5640208995911,20.2154157201272,30.3,25.2,21.2,"NDP","PCP","Leaning","Lib or NDP","Lib or NDP","hamilton-niagara",-13.7263688705025,12.4236824170831,4.41672955930064,6.55
38,"Hamilton Mountain",28.827962519847,54.5787955363732,9.24480622582016,24.727962519847,43.9887955363732,17.3748062258202,30.4,36.6,17,"NDP","NDP","Leaning","NDP","NDP","hamilton-niagara",-16.6803706903617,16.98357280229,-5.36935750346352,16.5
39,"Hamilton West—Ancaster—Dundas",31.0326773785882,43.1864957573569,19.7869651561654,26.9326773785882,32.5964957573569,27.9169651561654,29.9,32.6,25.9,"NDP","Toss up","Toss up","NDP","NDP","hamilton-niagara",-4.90501059843491,1.84762141180718,-2.33826859021799,5.35
40,"Hastings—Lennox and Addington",50.2549358729588,32.4363783383123,11.6349587834954,46.1549358729588,21.8463783383122,19.7649587834954,41,23,19.1,"PCP","PCP","Safe","Doesn't matter","Doesn't matter","east",21.0518283543596,14.2356983221401,15.5884572681199,12.9
41,"Humber River—Black Creek",30.2854925797795,37.4179572569433,27.9414142067315,26.1854925797795,26.8279572569433,36.0714142067315,28.5,28.5,33.4,"LIB","LIB","Leaning","Lib or NDP","Lib or NDP","toronto",-0.556390731458039,-9.56468928837014,0,-4.9
42,"Huron—Bruce",52.3578652323776,29.0254157039506,13.9312904814212,48.2578652323776,18.4354157039506,22.0612904814212,45,19.2,23.2,"PCP","PCP","Safe","Doesn't matter","Doesn't matter","southwest",25.826998894697,11.2853499867429,22.3434554176385,8.9
43,"Kanata—Carleton",43.1949563167643,29.1695508203468,17.0055936991376,39.0949563167643,18.5795508203468,25.1355936991376,40.8,19.1,27.7,"PCP","PCP","Likely","Doesn't matter","LIB","ottawa",17.7668623288364,3.70165986941799,18.7927512621223,2.25
44,"Kenora—Rainy River",48.5675850729909,37.3324697324498,10.5774500523143,44.4675850729909,26.7424697324498,18.7074500523143,43.2,26.4,15.7,"PCP","PCP","Likely","Doesn't matter","NDP","north",15.3504001699178,16.8975773504061,14.5492267835786,19.1
45,"King—Vaughan",56.6176327704475,15.3922387827675,23.3419482715066,52.5176327704475,4.80223878276753,31.4719482715066,47.3,10.6,33.1,"PCP","PCP","Likely","Doesn't matter","LIB","gta",26.8467875173176,5.54568449894094,26.8467875173176,-1.3
46,"Kingston and the Islands",26.0800805118252,39.1560635468334,27.5177916756524,21.9800805118252,28.5660635468334,35.6477916756524,24.3,29.1,32,"LIB","LIB","Leaning","Lib or NDP","Lib or NDP","east",-5.7036286172105,-10.374719646323,-4.15692193816531,-5.3
47,"Kitchener Centre",27.6649746192893,43.3840947546531,20.0909475465313,23.5649746192893,32.7940947546531,28.2209475465313,28.4,28.8,27.8,"NDP","Toss up","Toss up","Lib or NDP","Lib or NDP","southwest",-7.99265249180351,-0.0414128595600687,-0.346410161513777,0.799999999999999
48,"Kitchener—Conestoga",39.5704379392191,37.974123888863,14.0433750639922,35.4704379392191,27.384123888863,22.1733750639922,36.2,25,21,"PCP","PCP","Likely","Doesn't matter","Lib or NDP","southwest",7.00295339058736,9.25390585004887,9.69948452238572,9.6
49,"Kitchener South—Hespeler",38.864957747805,37.0524680460419,14.9118470917779,34.764957747805,26.4624680460419,23.0418470917779,36.7,24.3,23,"PCP","PCP","Likely","Doesn't matter","Lib or NDP","southwest",7.1901669963855,7.57186580514558,10.738715006927,7.5
50,"Lambton—Kent—Middlesex",55.3426939552594,33.3174678724417,6.23314294780263,51.2426939552594,22.7274678724417,14.3631429478026,51.8,22,12.1,"PCP","PCP","Safe","Doesn't matter","Doesn't matter","southwest",24.6949101823768,16.7423869585911,25.8075570327763,16.1
51,"Lanark—Frontenac—Kingston",52.031066881195,30.4689827781419,10.6449754682875,47.931066881195,19.8789827781419,18.7749754682875,44.5,20,19.9,"PCP","PCP","Safe","Doesn't matter","Doesn't matter","east",24.2938174623416,15.1300493613809,21.2176223927187,12.35
52,"Leeds—Grenville—Thousand Islands and Rideau Lakes",61.2673323939635,19.783944944761,13.3615144274949,57.1673323939635,9.19394494476097,21.4915144274949,49.8,13.3,24.3,"PCP","PCP","Safe","Doesn't matter","Doesn't matter","east",26.8467875173176,15.5,26.8467875173176,10
53,"London—Fanshawe",29.7834372452689,55.6762353770571,8.36509440197396,25.6834372452689,45.0862353770571,16.495094401974,29.8,36.4,16,"NDP","NDP","Likely","Doesn't matter","NDP","southwest",-16.8033160866299,18.889741909189,-5.71576766497729,17.1
54,"London North Centre",30.863193687284,47.5985437879992,15.7097185519191,26.763193687284,37.0085437879992,23.8397185519191,30,31,23.5,"NDP","Toss up","Toss up","NDP","NDP","southwest",-8.87273345788479,8.04615018572246,-0.866025403784439,7
55,"London West",29.0409519289443,55.3325649196556,9.91084141297715,24.9409519289443,44.7425649196556,18.0408414129772,30.1,36.3,16.5,"NDP","NDP","Leaning","NDP","NDP","southwest",-17.1486998858639,16.8009170113228,-5.36935750346352,16.7
56,"Markham—Stouffville",48.1224232069235,20.4230583515953,26.0130743230695,44.0224232069234,9.83305835159529,34.1430743230695,41.4,13.8,37,"PCP","PCP","Leaning","LIB","LIB","gta",26.8467875173176,-5.62065111614605,23.9023011444505,-9.4
57,"Markham—Thornhill",50.4500905507617,21.3326941514861,24.3954405028231,46.3500905507617,10.7426941514861,32.5254405028231,44.3,14.5,36.2,"PCP","PCP","Likely","Doesn't matter","LIB","gta",26.8467875173176,-1.67534995206136,25.8075570327763,-6.8
58,"Markham—Unionville",62.4307626757563,16.5700894759267,18.014486578611,58.3307626757563,5.98008947592671,26.144486578611,51.7,11.3,30.9,"PCP","PCP","Safe","Doesn't matter","Doesn't matter","gta",26.8467875173176,15.5,26.8467875173176,5.3
59,"Milton",41.6748498481354,22.2430290712279,29.8339765694581,37.5748498481354,11.6530290712279,37.9639765694581,39.6,15,35.7,"LIB","PCP","Leaning","LIB","LIB","gta",22.4489553051491,-13.3500371097764,21.3042249330972,-8.4
60,"Mississauga Centre",40.8602150537634,27.5589110043468,25.399222145962,36.7602150537634,16.9689110043468,33.529222145962,38,18.4,34.3,"PCP","PCP","Leaning","LIB","LIB","gta",17.1397720808166,-6.66465911690689,16.974097914175,-6.1
61,"Mississauga East—Cooksville",41.1519410206197,22.741619629075,30.2338440271858,37.0519410206197,12.151619629075,38.3638440271858,37.4,15.3,37,"LIB","Toss up","Toss up","LIB","LIB","gta",21.5643108874748,-13.7620637023384,19.1391614236361,-10.65
62,"Mississauga—Erin Mills",41.6104964178219,27.5997286870999,25.3613972614354,37.5104964178219,17.0097286870999,33.4913972614354,38.2,18.5,34,"PCP","PCP","Leaning","LIB","LIB","gta",17.7541856518895,-6.23128470897452,17.0607004545534,-5.65
63,"Mississauga—Lakeshore",42.3316227748642,18.2992161506795,35.0307336604072,38.2316227748642,7.70921615067952,43.1607336604071,39.4,12.5,39.2,"LIB","Toss up","Toss up","LIB","LIB","gta",22.578052272367,-17.9645554427715,23.2960833618014,-13.25
64,"Mississauga—Malton",39.1162160006381,32.8387971604052,20.7731780596102,35.0162160006381,22.2487971604052,28.9031780596102,37.6,21.9,32.4,"PCP","PCP","Leaning","LIB","LIB","gta",11.0569090563978,-0.270671479088566,13.5965988394157,-2.65
65,"Mississauga—Streetsville",43.5305645901093,25.8381285964473,25.735968643149,39.4305645901092,15.2481285964473,33.865968643149,38.9,17.3,34.4,"PCP","PCP","Leaning","LIB","LIB","gta",20.9426038959024,-6.52662204987073,18.7061487217439,-6.3
66,"Nepean",45.1290669788696,28.5325830390694,19.6064731763506,41.0290669788696,17.9425830390694,27.7364731763506,40.3,19.1,30.9,"PCP","PCP","Likely","Doesn't matter","LIB","ottawa",19.9934815759284,1.74935183261891,18.3597385602301,-1.2
67,"Newmarket—Aurora",47.7053813469709,23.8498067790745,22.7635398842597,43.6053813469709,13.2598067790745,30.8935398842597,40.6,16,33.2,"PCP","PCP","Likely","Doesn't matter","LIB","gta",26.8467875173176,-2.78815853728876,21.3042249330972,-4.9
68,"Niagara Centre",37.5107419077628,44.2321070507836,11.824282849777,33.4107419077628,33.6421070507836,19.954282849777,36.4,35.1,16.2,"NDP","Toss up","Toss up","NDP","NDP","hamilton-niagara",-0.200368091406253,13.5721416294963,1.12583302491977,19.55
69,"Niagara Falls",35.5770364257928,50.79234098449,9.35316010171604,31.4770364257928,40.20234098449,17.483160101716,33.4,34.2,17.4,"NDP","Toss up","Toss up","NDP","NDP","hamilton-niagara",-7.55633540358797,18.3565286034253,-0.692820323027555,16.4
70,"Niagara West",52.81229703399,29.8094825719853,10.5195929854947,48.71229703399,19.2194825719853,18.6495929854947,44.5,19.6,20.4,"PCP","PCP","Safe","Doesn't matter","Doesn't matter","hamilton-niagara",25.5415265531972,16.2535927689976,21.5640325542325,11.65
71,"Nickel Belt",21.9870019469657,63.5012477034031,8.72569720569282,17.8870019469657,52.9112477034031,16.8556972056928,24,47.9,14.7,"NDP","NDP","Safe","Doesn't matter","Doesn't matter","north",-26.8467875173176,15.5,-20.6980071504481,19.05
72,"Nipissing",49.9333200919331,36.8697329966234,7.92781545271401,45.8333200919331,26.2797329966234,16.057815452714,47,26.3,12,"PCP","PCP","Safe","Doesn't matter","Doesn't matter","north",16.9339031596498,19.9987110915643,17.9267258583379,20.65
73,"Northumberland—Peterborough South",45.3238005395296,24.5006040746074,24.167949290833,41.2238005395296,13.9106040746073,32.297949290833,39.5,16.5,34.8,"PCP","PCP","Leaning","LIB","LIB","central",23.653921997178,-4.73074698376446,19.9185842870421,-6.8
74,"Oakville",43.6725220235269,16.5708357510858,35.7422939635315,39.5725220235269,5.98083575108579,43.8722939635315,39.8,11.3,39.5,"LIB","Toss up","Toss up","LIB","LIB","gta",23.1230757867941,-17.6498859700023,24.6817240078565,-13.95
75,"Oakville North—Burlington",46.4146989214287,24.382576647215,24.366316778378,42.3146989214287,13.792576647215,32.496316778378,39.2,16.4,35.8,"PCP","PCP","Leaning","LIB","LIB","gta",24.700882459315,-4.44267899405612,19.7453792062852,-8
76,"Orléans",35.1978107896794,21.9437060203284,39.0492572322127,31.0978107896794,11.3537060203284,47.1792572322127,31.3,14.9,46.5,"LIB","LIB","Likely","Doesn't matter","LIB","ottawa",12.9198463684849,-23.5407232212666,13.6832013797941,-23.1
77,"Oshawa",41.7302329017602,44.8829950316754,7.90129841346065,37.6302329017602,34.2929950316754,16.0312984134607,40.2,33.8,14.2,"PCP","PCP","Leaning","NDP","NDP","gta",2.89013277396489,19.9303155532571,5.54256258422041,22.8
78,"Ottawa Centre",16.0349673151872,46.0770461003369,32.779528903933,11.9349673151872,35.4870461003369,40.9095289039331,13.7,38,38.7,"LIB","Toss up","Toss up","Lib or NDP","Lib or NDP","ottawa",-20.3966985398722,-17.198522196171,-21.0444173119619,-12.85
79,"Ottawa South",29.2258089133089,27.1863553113553,39.6310286935287,25.1258089133089,16.5963553113553,47.7610286935287,23.2,18.3,50.9,"LIB","LIB","Safe","Doesn't matter","Doesn't matter","ottawa",7.24411216740326,-26.8176098901099,2.85788383248865,-29.35
80,"Ottawa—Vanier",21.3770382417949,29.6759664706618,42.8604195337587,17.2770382417949,19.0859664706618,50.9904195337587,18.2,20,51.8,"LIB","LIB","Safe","Doesn't matter","Doesn't matter","ottawa",0,-31,0,-31
81,"Ottawa West—Nepean",32.8222376100505,32.4760114749233,29.3006232070432,28.7222376100504,21.8860114749233,37.4306232070432,31.8,26.8,32.9,"LIB","Toss up","Toss up","LIB","LIB","ottawa",5.9203454990352,-12.1264986645563,4.33012701892219,-3.6
82,"Oxford",55.7282407141901,30.4276347230984,6.92015063753321,51.6282407141901,19.8376347230984,15.0501506375332,53.5,20.1,13.6,"PCP","PCP","Safe","Doesn't matter","Doesn't matter","southwest",26.8467875173176,15.5,26.8467875173176,15.5
83,"Parkdale—High Park",18.0039964069002,59.4089717501696,16.9957286109736,13.9039964069002,48.8189717501696,25.1257286109736,16.8,38.4,28.1,"NDP","NDP","Likely","Doesn't matter","Lib or NDP","toronto",-26.8467875173176,8.19324313919595,-18.7061487217439,-0.500000000000002
84,"Parry Sound—Muskoka",48.070763421929,22.0287211250875,8.63542837748976,43.970763421929,11.4387211250875,16.7654283774898,38.1,14.6,0,"PCP","Toss up","Toss up","Green","Green","north",26.8467875173176,11.7053350444393,20.3515969889343,19.25
85,"Perth—Wellington",50.6713916700468,30.7089639860812,10.8063104412612,46.5713916700468,20.1189639860812,18.9363104412612,44.6,20.2,18.5,"PCP","PCP","Safe","Doesn't matter","Doesn't matter","southwest",22.908474366085,14.4088673868027,21.1310198523403,13.9
86,"Peterborough—Kawartha",37.677249547623,33.7522618851785,24.5862806382629,33.577249547623,23.1622618851785,32.7162806382629,31.9,24,31.7,"PCP","Toss up","Toss up","LIB","LIB","central",9.01964389577843,-4.34652492186215,6.84160068989706,-3.75
87,"Pickering—Uxbridge",42.1991615438122,32.021130599891,20.3993006598613,38.0991615438122,21.431130599891,28.5293006598613,37.4,21.2,29.6,"PCP","PCP","Likely","Doesn't matter","LIB","gta",14.4349382285009,1.2358454119903,14.0296115413079,-0.300000000000002
88,"Renfrew—Nipissing—Pembroke",69.1923068943339,16.7347870287765,9.75331438411585,65.0923068943339,6.14478702877653,17.8833143841159,58.3,11.4,18.7,"PCP","PCP","Safe","Doesn't matter","Doesn't matter","east",26.8467875173176,15.5,26.8467875173176,15.5
89,"Richmond Hill",51.2416130594176,17.2696041133476,27.9172719098015,47.1416130594176,6.67960411334763,36.0472719098015,42.6,11.8,37.3,"PCP","PCP","Leaning","LIB","LIB","gta",26.8467875173176,-4.4056588503839,26.8467875173176,-10.2
90,"St. Catharines",33.5972894482091,36.6137463697967,24.5324298160697,29.4972894482091,26.0237463697967,32.6624298160697,29.5,31.6,26.8,"LIB","Toss up","Toss up","Lib or NDP","Lib or NDP","hamilton-niagara",3.00817654704473,-4.9019119070668,-1.81865334794732,3.75
91,"Sarnia—Lambton",52.7464096006295,37.3696635844973,4.41865040330513,48.6464096006295,26.7796635844973,12.5486504033051,50.9,24.6,9.2,"PCP","PCP","Safe","Doesn't matter","Doesn't matter","southwest",18.9371575480727,20.0666269919339,22.7764681195307,17.85
92,"Sault Ste. Marie",42.0275866363608,40.7385496777408,9.96045707880562,37.9275866363608,30.1485496777408,18.0904570788056,40.5,29.2,14.8,"PCP","PCP","Likely","Doesn't matter","NDP","north",6.736843623143,15.9476110782452,9.78608706276416,20.05
93,"Scarborough—Agincourt",50.3973312359307,17.4500284776654,28.2851021127716,46.2973312359307,6.86002847766537,36.4151021127715,44.7,11.9,37.1,"PCP","PCP","Leaning","LIB","LIB","toronto",26.8467875173176,-5.61777087684087,26.8467875173176,-7.9
94,"Scarborough Centre",38.4495264960709,33.3643965343542,22.1413459601048,34.3495264960709,22.7743965343542,30.2713459601048,34.3,22,32,"PCP","Toss up","Toss up","LIB","LIB","toronto",10.0243565989531,-1.7093844448922,10.6521124665486,-3.85
95,"Scarborough—Guildwood",33.1374460381562,27.6201086199694,33.3435454672051,29.0374460381562,17.0301086199694,41.4735454672051,30.4,18.4,41,"LIB","LIB","Likely","Doesn't matter","LIB","toronto",10.3986592359613,-18.4397681381423,10.3923048454133,-16.6
96,"Scarborough North",51.0450561369566,24.3895289185941,22.0414504734266,46.9450561369566,13.7995289185941,30.1714504734265,43.9,16.6,30.9,"PCP","PCP","Likely","Doesn't matter","LIB","toronto",26.8467875173176,1.27360566353004,23.6424935233152,-0.649999999999999
97,"Scarborough—Rouge Park",38.6147804355587,36.3227418779007,20.9091990955611,34.5147804355587,25.7327418779007,29.0391990955611,33.5,24,31.1,"PCP","Toss up","Toss up","LIB","LIB","toronto",7.60546848794626,1.08456206116863,8.22724133595217,-2.35
98,"Scarborough Southwest",31.224823331722,45.6575282554151,18.939760145478,27.124823331722,35.0675282554151,27.069760145478,28.4,29.9,29.5,"NDP","Toss up","Toss up","Lib or NDP","Lib or NDP","toronto",-6.87858423868198,4.0264156480906,-1.29903810567666,-0.350000000000001
99,"Simcoe—Grey",55.925725440021,22.0527205025999,14.402178370487,51.825725440021,11.4627205025999,22.532178370487,45.9,14.7,25.2,"PCP","PCP","Safe","Doesn't matter","Doesn't matter","central",26.8467875173176,13.793547069534,26.8467875173176,5.2
100,"Simcoe North",46.9166558218223,28.031753704289,17.7043633456655,42.8166558218223,17.441753704289,25.8343633456655,40.6,18.7,25.6,"PCP","PCP","Likely","Doesn't matter","LIB","central",21.9753098523274,4.29484141739017,18.9659563428792,4.05
101,"Spadina—Fort York",21.7852043996702,49.6209607689369,23.6673302366733,17.6852043996702,39.0309607689369,31.7973302366733,19.7,32.6,35.3,"NDP","Toss up","Toss up","Lib or NDP","Lib or NDP","toronto",-18.4859672787784,-3.43924765236975,-11.1717277088193,-9.15
102,"Stormont—Dundas—South Glengarry",61.5094859662823,21.6270843860536,12.3708025173412,57.4094859662823,11.0370843860536,20.5008025173412,52.6,14.5,23.5,"PCP","PCP","Safe","Doesn't matter","Doesn't matter","east",26.8467875173176,15.5,26.8467875173176,13.6
103,"Sudbury",23.239417148229,48.0714463461166,22.4182265601239,19.139417148229,37.4814463461166,30.5482265601239,23.4,34.1,26.9,"NDP","NDP","Likely","Doesn't matter","NDP","north",-15.8846632423265,-2.23779481295104,-9.26647182049349,1.85
104,"Thornhill",61.1290971031973,19.3275354958844,14.7802534966885,57.0290971031973,8.73753549588438,22.9102534966885,51.2,13,26.3,"PCP","PCP","Safe","Doesn't matter","Doesn't matter","gta",26.8467875173176,15.5,26.8467875173176,9.4
105,"Thunder Bay—Atikokan",23.228285933897,36.2582628747118,36.0092236740968,19.128285933897,25.6682628747118,44.1392236740968,22.6,31.2,35.1,"LIB","LIB","Leaning","Lib or NDP","Lib or NDP","north",-5.66378617091002,-21.7409492697925,-7.44781847254617,-8.2
106,"Thunder Bay—Superior North",17.962377226569,37.1566505743299,39.863492591976,13.862377226569,26.5666505743299,47.993492591976,17.4,29.4,43.2,"LIB","LIB","Likely","Doesn't matter","Lib or NDP","north",-8.29059800716028,-26.213421008823,-10.3923048454133,-19.8
107,"Timiskaming—Cochrane",22.4318123884782,61.199519318306,9.01642329121299,18.3318123884782,50.609519318306,17.146423291213,23.2,42.3,14.7,"NDP","NDP","Safe","Doesn't matter","Doesn't matter","north",-26.8467875173176,15.5,-16.5410852122828,18.05
108,"Timmins",29.6424230793834,57.4297959444764,8.81468688031728,25.5424230793834,46.8397959444764,16.9446868803173,37.1,47.4,0,"NDP","NDP","Leaning","NDP","NDP","north",-18.44406593504,19.2464226316126,-8.92006165897972,25.85
109,"Toronto Centre",14.1206849687415,53.6558847512911,27.1495877502945,10.0206849687415,43.0658847512911,35.2795877502945,13.6,35.7,38.4,"NDP","Toss up","Toss up","Lib or NDP","Lib or NDP","toronto",-26.8467875173176,-7.71370299900335,-19.1391614236361,-13.75
110,"Toronto—Danforth",15.8594862392479,64.2454504671439,14.0747820320271,11.7594862392479,53.6554504671439,22.2047820320271,14.1,44.1,25.7,"NDP","NDP","Safe","Doesn't matter","Doesn't matter","toronto",-26.8467875173176,15.5,0,18.4
111,"Toronto—St. Paul's",26.2967062325865,35.9585512003359,33.3918552726995,22.1967062325865,25.3685512003359,41.5218552726995,24,29.2,36,"LIB","LIB","Leaning","Lib or NDP","LIB","toronto",-2.74689831893674,-17.7392265562383,-4.50333209967908,-9.4
112,"University—Rosedale",21.1102566178256,49.6579778191532,22.0553711648992,17.0102566178256,39.0679778191532,30.1853711648992,18.8,32.2,30.9,"NDP","Toss up","Toss up","Lib or NDP","Lib or NDP","toronto",-19.1025469099443,-2.14625394640978,-11.6047404107115,-5.4
113,"Vaughan—Woodbridge",50.4983001909374,14.5624738043124,31.9983234759931,46.3983001909374,3.97247380431239,40.1283234759931,40.8,10.3,40.7,"PCP","Toss up","Toss up","LIB","LIB","gta",26.8467875173176,-9.23002328505566,26.8467875173176,-15.4
114,"Waterloo",31.4058914958182,50.5421508400563,12.1697135667234,27.3058914958182,39.9521508400562,20.2997135667234,31.4,33.1,17.8,"NDP","Toss up","Toss up","NDP","NDP","southwest",-10.9519818549565,13.3293076012138,-1.47224318643355,14.45
115,"Wellington—Halton Hills",54.0034798034934,24.0294077510917,12.7797489082969,49.9034798034934,13.4394077510917,20.9097489082969,46.2,16,21.5,"PCP","PCP","Safe","Doesn't matter","Doesn't matter","southwest",26.8467875173176,13.4937308951965,26.8467875173176,9.2
116,"Whitby",45.8007474565714,36.6080697626133,12.874593397467,41.7007474565714,26.0180697626133,21.004593397467,41.7,23.5,22.6,"PCP","PCP","Safe","Doesn't matter","Doesn't matter","gta",13.5815972823312,12.8548152121254,15.7616623488768,10
117,"Willowdale",43.6254489986715,25.7860552083846,26.6077842838164,39.5254489986715,15.1960552083846,34.7377842838164,36.6,17.5,36.4,"PCP","Toss up","Toss up","LIB","LIB","toronto",21.0698730810638,-7.37703218028835,16.5410852122828,-9.35
118,"Windsor—Tecumseh",27.0407336220272,58.4049278651321,8.13514577495774,22.9407336220272,47.8149278651321,16.2651457749577,27.6,38.5,15.8,"NDP","NDP","Likely","Doesn't matter","NDP","southwest",-21.5416841131975,18.5629028784475,-9.43967690125038,17.25
119,"Windsor West",28.4660274043034,52.124733283632,14.7098897143885,24.3660274043034,41.534733283632,22.8398897143885,30.2,34.3,22.6,"NDP","NDP","Leaning","NDP","NDP","southwest",-14.8685354416018,10.1104906295792,-3.5507041555162,9.65
120,"York Centre",50.1455346698947,23.4406028127635,21.3949566116265,46.0455346698947,12.8506028127635,29.5249566116265,44,15.7,29.8,"PCP","PCP","Likely","Doesn't matter","LIB","toronto",26.8467875173176,1.02057805826827,24.5085189270996,0.0499999999999989
121,"York—Simcoe",57.2640742124816,23.4222153832626,13.5895012200215,53.1640742124816,12.8322153832626,21.7195012200215,48.2,15.6,24.2,"PCP","PCP","Safe","Doesn't matter","Doesn't matter","gta",26.8467875173176,15.5,26.8467875173176,8.5
122,"York South—Weston",32.9508284626522,36.0743203388922,27.8272293420559,28.8508284626522,25.4843203388922,35.9572293420559,32.8,27.8,28.7,"LIB","PCP","Leaning","Lib or NDP","Lib or NDP","toronto",2.91548155722284,-8.78965494128372,4.33012701892219,1.6
123,"Kiiwetinoong",27.2502701868149,49.899644897329,15.1767793731666,23.1502701868149,39.309644897329,23.3067793731666,28.8,34.7,17.5,"NDP","NDP","Leaning","NDP","NDP","north",-13.994429008577,7.92317816890536,-5.10954988232819,14.25
124,"Mushkegowuk—James Bay",29.976404976405,51.7696267696268,14.2857142857143,25.876404976405,41.1796267696268,22.4157142857143,33,38.2,16.3,"NDP","NDP","Leaning","NDP","NDP","north",-13.2529788326777,11.1123015873016,-4.50333209967908,19.3
